{"birthday;anonymized": 0, "education;classes;id;anonymized": 1, "education;concentration;id;anonymized": 2, "education;degree;id;anonymized": 3, "education;school;id;anonymized": 4, "education;type;anonymized": 5, "education;with;id;anonymized": 6, "education;year;id;anonymized": 7, "first_name;anonymized": 8, "gender;anonymized": 9, "hometown;id;anonymized": 10, "languages;id;anonymized": 11, "last_name;anonymized": 12, "locale;anonymized": 13, "location;id;anonymized": 14, "work;employer;id;anonymized": 15, "work;end_date;anonymized": 16, "work;location;id;anonymized": 17, "work;position;id;anonymized": 18, "work;start_date;anonymized": 19, "work;with;id;anonymized": 20, "middle_name;anonymized": 21, "work;from;id;anonymized": 22, "work;projects;id;anonymized": 23, "name;anonymized": 24, "religion;anonymized": 25, "political;anonymized": 26}